,@context,@type,actor,aggregateRating,author,datePublished,description,director,duration,genre,image,name,url
0,http://schema.org,Movie,"[{'@type': 'Person', 'url': '/celebrity/1000525/', 'name': '吴京 Jing Wu'}, {'@type': 'Person', 'url': '/celebrity/1340022/', 'name': '易烊千玺 Jackson Yee'}, {'@type': 'Person', 'url': '/celebrity/1312699/', 'name': '朱亚文 Yawen Zhu'}, {'@type': 'Person', 'url': '/celebrity/1274252/', 'name': '李晨 Chen Li'}, {'@type': 'Person', 'url': '/celebrity/1348542/', 'name': '韩东君 Elvis Han'}, {'@type': 'Person', 'url': '/celebrity/1274319/', 'name': '张涵予 Hanyu Zhang'}, {'@type': 'Person', 'url': '/celebrity/1274576/', 'name': '耿乐 Le Geng'}, {'@type': 'Person', 'url': '/celebrity/1016663/', 'name': '杜淳 Chun Du'}, {'@type': 'Person', 'url': '/celebrity/1274291/', 'name': '段奕宏 Yihong Duan'}, {'@type': 'Person', 'url': '/celebrity/1032540/', 'name': '胡军 Jun Hu'}, {'@type': 'Person', 'url': '/celebrity/1313574/', 'name': '王丽坤 Likun Wang'}, {'@type': 'Person', 'url': '/celebrity/1344877/', 'name': '杨一威 Yiwei Yang'}, {'@type': 'Person', 'url': '/celebrity/1424102/', 'name': '李卓扬 '}, {'@type': 'Person', 'url': '/celebrity/1462288/', 'name': '何跃飞 Yuefei He'}, {'@type': 'Person', 'url': '/celebrity/1462289/', 'name': '唐志强 Zhiqiang Tang'}, {'@type': 'Person', 'url': '/celebrity/1462287/', 'name': '刘治威 Zhiwei Liu'}, {'@type': 'Person', 'url': '/celebrity/1361307/', 'name': '庄小龙 Xiaolong Zhuang'}, {'@type': 'Person', 'url': '/celebrity/1462291/', 'name': '辛玉波 Yubo Xin'}, {'@type': 'Person', 'url': '/celebrity/1462292/', 'name': '张跃 Yue Zhang'}, {'@type': 'Person', 'url': '/celebrity/1325510/', 'name': '许明虎 Tiger Xu'}, {'@type': 'Person', 'url': '/celebrity/1329168/', 'name': '王宁 Ning Wang'}, {'@type': 'Person', 'url': '/celebrity/1331393/', 'name': '王振威 Zhenwei Wang'}, {'@type': 'Person', 'url': '/celebrity/1405579/', 'name': '陈泽轩 Zexuan Chen'}, {'@type': 'Person', 'url': '/celebrity/1462304/', 'name': '李小锋 Xiaofeng Li'}, {'@type': 'Person', 'url': '/celebrity/1467075/', 'name': '詹姆斯·菲尔伯德 James Filbird'}, {'@type': 'Person', 'url': '/celebrity/1467073/', 'name': '约翰·克鲁兹 John Cruz'}, {'@type': 'Person', 'url': '/celebrity/1330939/', 'name': '史磊 Lei Shi'}, {'@type': 'Person', 'url': '/celebrity/1462290/', 'name': '胡学良 Xueliang Hu'}, {'@type': 'Person', 'url': '/celebrity/1462293/', 'name': '贺广治  Guangzhi He'}, {'@type': 'Person', 'url': '/celebrity/1462297/', 'name': '黄晓航 Xiaohang Huang'}, {'@type': 'Person', 'url': '/celebrity/1462298/', 'name': '曹敖日格勒 '}, {'@type': 'Person', 'url': '/celebrity/1462300/', 'name': '章小磊 Xiaolei Zhang'}, {'@type': 'Person', 'url': '/celebrity/1462301/', 'name': '宋玉臣 Yuechen Song'}, {'@type': 'Person', 'url': '/celebrity/1462299/', 'name': '张志坤 Zhikun Zhang'}]","{'@type': 'AggregateRating', 'ratingCount': '226603', 'bestRating': '10', 'worstRating': '2', 'ratingValue': '7.2'}","[{'@type': 'Person', 'url': '/celebrity/1275188/', 'name': '兰晓龙 Xiaolong Lan'}, {'@type': 'Person', 'url': '/celebrity/1019896/', 'name': '黄建新 Jianxin Huang'}]",2022-02-01,电影以抗美援朝战争第二次战役中的长津湖战役为背景，讲述了在结束了新兴里和下碣隅里的战斗之后，七连战士们又接到了更艰巨的任务……,"[{'@type': 'Person', 'url': '/celebrity/1007152/', 'name': '徐克 Hark Tsui'}]",PT2H29M,"['剧情', '历史', '战争']",https://img9.doubanio.com/view/photo/s_ratio_poster/public/p2846021991.jpg,长津湖之水门桥,/subject/35613853/
1,http://schema.org,Movie,"[{'@type': 'Person', 'url': '/celebrity/1319032/', 'name': '马丽 Li Ma'}, {'@type': 'Person', 'url': '/celebrity/1355058/', 'name': '魏翔 Xiang Wei'}, {'@type': 'Person', 'url': '/celebrity/1362567/', 'name': '陈明昊 Minghao Chen'}, {'@type': 'Person', 'url': '/celebrity/1319540/', 'name': '周大勇 Dayong Zhou'}, {'@type': 'Person', 'url': '/celebrity/1363857/', 'name': '黄才伦 Cailun Huang'}, {'@type': 'Person', 'url': '/celebrity/1350408/', 'name': '艾伦 Allen'}, {'@type': 'Person', 'url': '/celebrity/1394939/', 'name': '高海宝 Haibao Gao'}, {'@type': 'Person', 'url': '/celebrity/1386801/', 'name': '韩笑 Xiao Han'}, {'@type': 'Person', 'url': '/celebrity/1444360/', 'name': '孙贵权 Guiquan Sun'}, {'@type': 'Person', 'url': '/celebrity/1426220/', 'name': '许猛 Meng Xu'}, {'@type': 'Person', 'url': '/celebrity/1467304/', 'name': '全容杓 Rongbiao Quan'}, {'@type': 'Person', 'url': '/celebrity/1467305/', 'name': '卜俊男 Junnan Bu'}, {'@type': 'Person', 'url': '/celebrity/1316008/', 'name': '张志忠 Zhizhong  Zhang'}, {'@type': 'Person', 'url': '/celebrity/1367242/', 'name': '张建新 Jianxin Zhang'}, {'@type': 'Person', 'url': '/celebrity/1398260/', 'name': '马驰 Chi Ma'}, {'@type': 'Person', 'url': '/celebrity/1353283/', 'name': '陶亮 Liang Tao'}, {'@type': 'Person', 'url': '/celebrity/1403276/', 'name': '詹卢卡·佐帕 Gianluca Zoppa'}]","{'@type': 'AggregateRating', 'ratingCount': '311712', 'bestRating': '10', 'worstRating': '2', 'ratingValue': '6.5'}","[{'@type': 'Person', 'url': '/celebrity/1362276/', 'name': '邢文雄 Wenxiong Xing'}]",2022-02-01,魏成功（魏翔 饰）非常热爱表演，然而其貌不扬的他往往只能够在电影里觅得一个跑龙套的角色，可即便如此，魏成功还是无比认真的对待着自己的每一个甚至连名字都没有的角色，这股子劲头引起了当红女明星米兰（马丽 ...,"[{'@type': 'Person', 'url': '/celebrity/1362276/', 'name': '邢文雄 Wenxiong Xing'}]",PT1H49M,['喜剧'],https://img9.doubanio.com/view/photo/s_ratio_poster/public/p2814949620.jpg,这个杀手不太冷静,/subject/35505100/
2,http://schema.org,Movie,"[{'@type': 'Person', 'url': '/celebrity/1340022/', 'name': '易烊千玺 Jackson Yee'}, {'@type': 'Person', 'url': '/celebrity/1316331/', 'name': '田雨 Yu Tian'}, {'@type': 'Person', 'url': '/celebrity/1458272/', 'name': '陈哈琳 Halin Chen'}, {'@type': 'Person', 'url': '/celebrity/1318634/', 'name': '齐溪 Xi Qi'}, {'@type': 'Person', 'url': '/celebrity/1322905/', 'name': '公磊 Lei Gong'}, {'@type': 'Person', 'url': '/celebrity/1362516/', 'name': '许君聪 Juncong Xu'}, {'@type': 'Person', 'url': '/celebrity/1329167/', 'name': '王宁 Ning Wang'}, {'@type': 'Person', 'url': '/celebrity/1378152/', 'name': '黄尧 Yao Huang'}, {'@type': 'Person', 'url': '/celebrity/1371777/', 'name': '巩金国 Jinguo Gong'}, {'@type': 'Person', 'url': '/celebrity/1274287/', 'name': '田壮壮 Zhuangzhuang Tian'}, {'@type': 'Person', 'url': '/celebrity/1313837/', 'name': '王传君 Chuanjun Wang'}, {'@type': 'Person', 'url': '/celebrity/1322072/', 'name': '章宇 Yu Zhang'}, {'@type': 'Person', 'url': '/celebrity/1313469/', 'name': '张志坚 Zhijian Zhang'}, {'@type': 'Person', 'url': '/celebrity/1276041/', 'name': '咏梅 Mei Yong'}, {'@type': 'Person', 'url': '/celebrity/1275510/', 'name': '杨新鸣 Xinming Yang'}, {'@type': 'Person', 'url': '/celebrity/1274297/', 'name': '徐峥 Zheng Xu'}, {'@type': 'Person', 'url': '/celebrity/1310743/', 'name': '岳小军 Xiaojun Yue'}, {'@type': 'Person', 'url': '/celebrity/1429318/', 'name': '朱俊麟 JunLin Zhu'}, {'@type': 'Person', 'url': '/celebrity/1325769/', 'name': '王丽涵 Lihan Wang'}, {'@type': 'Person', 'url': '/celebrity/1466390/', 'name': '贾弘逍 Hongxiao Jia'}, {'@type': 'Person', 'url': '/celebrity/1386801/', 'name': '韩笑 Xiao Han'}, {'@type': 'Person', 'url': '/celebrity/1329638/', 'name': '孙征宇 Zhengyu Sun'}, {'@type': 'Person', 'url': '/celebrity/1316861/', 'name': '黄艺馨 Yixin Huang'}, {'@type': 'Person', 'url': '/celebrity/1424243/', 'name': '修梦迪 Mengdi Xiu'}, {'@type': 'Person', 'url': '/celebrity/1467697/', 'name': '苏子航 Zihang Su'}, {'@type': 'Person', 'url': '/celebrity/1467698/', 'name': '郑伊倩 Yiqian Zheng'}, {'@type': 'Person', 'url': '/celebrity/1351384/', 'name': '丁文博 Wenbo Ding'}, {'@type': 'Person', 'url': '/celebrity/1439533/', 'name': '陈翊曈 Yitong Chen'}, {'@type': 'Person', 'url': '/celebrity/1390341/', 'name': '谭泉 Quan Tan'}, {'@type': 'Person', 'url': '/celebrity/1448749/', 'name': '程昭歌 Zhaoge Cheng'}, {'@type': 'Person', 'url': '/celebrity/1394939/', 'name': '高海宝 Haibao Gao'}, {'@type': 'Person', 'url': '/celebrity/1459834/', 'name': '胡昌杰 CHangjie Hu'}, {'@type': 'Person', 'url': '/celebrity/1467699/', 'name': '胡汝佳 Rujia Hu'}, {'@type': 'Person', 'url': '/celebrity/1426996/', 'name': '宝马 Baoma'}]","{'@type': 'AggregateRating', 'ratingCount': '298887', 'bestRating': '10', 'worstRating': '2', 'ratingValue': '7.4'}","[{'@type': 'Person', 'url': '/celebrity/1384575/', 'name': '周楚岑 Chucen Zhou'}, {'@type': 'Person', 'url': '/celebrity/1424243/', 'name': '修梦迪 Mengdi Xiu'}, {'@type': 'Person', 'url': '/celebrity/1349765/', 'name': '文牧野 Muye Wen'}, {'@type': 'Person', 'url': '/celebrity/1458256/', 'name': '韩晓邯 Xiaohan Han'}, {'@type': 'Person', 'url': '/celebrity/1391650/', 'name': '钟伟 Wei Zhong'}]",2022-02-01,二十岁的景浩（易烊千玺 饰）独自带着年幼的妹妹来到深圳生活，兄妹俩生活温馨却拮据。为了妹妹高昂的手术费，机缘巧合之下，景浩得到一个机会，本以为美好生活即将来临，却不料遭遇重创。在时间和金钱的双重压力下...,"[{'@type': 'Person', 'url': '/celebrity/1349765/', 'name': '文牧野 Muye Wen'}]",PT1H46M,['剧情'],https://img9.doubanio.com/view/photo/s_ratio_poster/public/p2842327103.jpg,奇迹·笨小孩,/subject/35312437/
3,http://schema.org,Movie,"[{'@type': 'Person', 'url': '/celebrity/1274418/', 'name': '菅田将晖 Masaki Suda'}, {'@type': 'Person', 'url': '/celebrity/1275528/', 'name': '有村架纯 Kasumi Arimura'}, {'@type': 'Person', 'url': '/celebrity/1409442/', 'name': '细田佳央太 Kanata Hosoda'}, {'@type': 'Person', 'url': '/celebrity/1350196/', 'name': '清原果耶 Kaya Kiyohara'}, {'@type': 'Person', 'url': '/celebrity/1007189/', 'name': '小田切让 Jô Odagiri'}, {'@type': 'Person', 'url': '/celebrity/1022959/', 'name': '押井守 Mamoru Oshii'}, {'@type': 'Person', 'url': '/celebrity/1051741/', 'name': '户田惠子 Keiko Toda'}, {'@type': 'Person', 'url': '/celebrity/1275827/', 'name': '岩松了 Ryô Iwamatsu'}, {'@type': 'Person', 'url': '/celebrity/1051523/', 'name': '小林薰 Kaoru Kobayashi'}, {'@type': 'Person', 'url': '/celebrity/1042607/', 'name': '韩英惠 Hanae Kan'}, {'@type': 'Person', 'url': '/celebrity/1464358/', 'name': '中崎敏 '}, {'@type': 'Person', 'url': '/celebrity/1451677/', 'name': '小久保寿人 KOKUBO\xa0TOSHIHITO'}, {'@type': 'Person', 'url': '/celebrity/1367736/', 'name': '泷内公美 Kumi Takiuchi'}, {'@type': 'Person', 'url': '/celebrity/1417036/', 'name': '森优作 Yusaku Mori'}, {'@type': 'Person', 'url': '/celebrity/1407621/', 'name': '古川琴音 Kotone Furukawa'}, {'@type': 'Person', 'url': '/celebrity/1464360/', 'name': '篠原悠伸 '}, {'@type': 'Person', 'url': '/celebrity/1339570/', 'name': '八木亚里纱 Arisa Yagi'}, {'@type': 'Person', 'url': '/celebrity/1353709/', 'name': '佐藤宽太 Kanta Sato'}, {'@type': 'Person', 'url': '/celebrity/1429923/', 'name': '冈部崇 Takasi Okabe'}, {'@type': 'Person', 'url': '/celebrity/1349489/', 'name': '萩原实里 Minori Hagiwara'}, {'@type': 'Person', 'url': '/celebrity/1415902/', 'name': '福山翔大 Shodai Fukuyama'}, {'@type': 'Person', 'url': '/celebrity/1343673/', 'name': '萩原利久 Riku Hagiwara'}, {'@type': 'Person', 'url': '/celebrity/1387778/', 'name': '片山友希 Yuki Katayama'}, {'@type': 'Person', 'url': '/celebrity/1340184/', 'name': '宇野祥平 Shôhei Uno'}, {'@type': 'Person', 'url': '/celebrity/1353175/', 'name': '佐藤玲 Ryo Sato'}, {'@type': 'Person', 'url': '/celebrity/1369971/', 'name': '水泽绅吾 Shingo Mizusawa'}, {'@type': 'Person', 'url': '/celebrity/1371726/', 'name': '穗志萌香 Moeka Hoshi'}, {'@type': 'Person', 'url': '/celebrity/1355321/', 'name': '池田良 Ryô Ikeda'}, {'@type': 'Person', 'url': '/celebrity/1462945/', 'name': '大下浩人 Hiroto Oshita'}]","{'@type': 'AggregateRating', 'ratingCount': '290683', 'bestRating': '10', 'worstRating': '2', 'ratingValue': '8.7'}","[{'@type': 'Person', 'url': '/celebrity/1143305/', 'name': '坂元裕二 Yûji Sakamoto'}]",2021-01-29,山音麦 (菅田将晖 饰) 和八谷绢 (有村架纯 饰) 因错过尾班车而相遇，在深夜咖啡馆聊起文学、电影和音乐，喜好竟奇蹟地相似，二人瞬间坠入爱河。他们毕业后开始一边兼职工作，一边开始同居生活，更一起养拾...,"[{'@type': 'Person', 'url': '/celebrity/1001640/', 'name': '土井裕泰 Nobuhiro Doi'}]",PT2H4M,"['剧情', '爱情']",https://img9.doubanio.com/view/photo/s_ratio_poster/public/p2868462052.jpg,花束般的恋爱 花束みたいな恋をした,/subject/34874432/
4,http://schema.org,Movie,"[{'@type': 'Person', 'url': '/celebrity/1436031/', 'name': '陈永胜 Yongsheng Chen'}, {'@type': 'Person', 'url': '/celebrity/1322072/', 'name': '章宇 Yu Zhang'}, {'@type': 'Person', 'url': '/celebrity/1274761/', 'name': '张译 Yi Zhang'}, {'@type': 'Person', 'url': '/celebrity/1435106/', 'name': '刘奕铁 Yitie Liu'}, {'@type': 'Person', 'url': '/celebrity/1458280/', 'name': '黄炎 Yan Huang'}, {'@type': 'Person', 'url': '/celebrity/1458277/', 'name': '王梓屹 Ziyi Wang'}, {'@type': 'Person', 'url': '/celebrity/1458278/', 'name': '陈铭杨 Mingyang Chen'}, {'@type': 'Person', 'url': '/celebrity/1386026/', 'name': '王乃训 Naixun Wang'}, {'@type': 'Person', 'url': '/celebrity/1458279/', 'name': '程泓鑫 Hongxin Cheng'}, {'@type': 'Person', 'url': '/celebrity/1467302/', 'name': '赵琥成 Hucheng Zhao'}, {'@type': 'Person', 'url': '/celebrity/1467301/', 'name': '李汶聪 Wencong Li'}, {'@type': 'Person', 'url': '/celebrity/1458274/', 'name': '林博洋 Boyang Lin'}, {'@type': 'Person', 'url': '/celebrity/1467800/', 'name': '王佑名 Youming Wang'}, {'@type': 'Person', 'url': '/celebrity/1467799/', 'name': '代文博 Wenbo Dai'}, {'@type': 'Person', 'url': '/celebrity/1434375/', 'name': '李昆 Kun Li'}, {'@type': 'Person', 'url': '/celebrity/1274972/', 'name': '曹操 Jonathan Kos-Read'}, {'@type': 'Person', 'url': '/celebrity/1371125/', 'name': '柯国庆 Scotty Cox'}, {'@type': 'Person', 'url': '/celebrity/1465165/', 'name': '钱焜 Nathaniel Boyd '}, {'@type': 'Person', 'url': '/celebrity/1465164/', 'name': '暗真 AJ Donnelly'}, {'@type': 'Person', 'url': '/celebrity/1417120/', 'name': '柯南·何裴 Kenan Heppe'}, {'@type': 'Person', 'url': '/celebrity/1345636/', 'name': '李凯文 Kevin Lee'}, {'@type': 'Person', 'url': '/celebrity/1371197/', 'name': '勃小龙 Pierre Bourdaud'}, {'@type': 'Person', 'url': '/celebrity/1412044/', 'name': '孟丹青 Daniel Wade Manwaring'}, {'@type': 'Person', 'url': '/celebrity/1433691/', 'name': '叶风光 Kenton Van Dunk'}]","{'@type': 'AggregateRating', 'ratingCount': '168917', 'bestRating': '10', 'worstRating': '2', 'ratingValue': '7.7'}","[{'@type': 'Person', 'url': '/celebrity/1317245/', 'name': '陈宇 Yu Chen'}]",2022-02-01,影片根据抗美援朝战争“冷枪冷炮”运动中神枪手群体事迹改编。1952年冬至1953年初，中国人民志愿军与联合国军在朝鲜战场形成僵持，双方发起了低强度的密集狙击战，史称&#34;冷枪冷炮运动&#34;。在连长（张译 饰）...,"[{'@type': 'Person', 'url': '/celebrity/1054398/', 'name': '张艺谋 Yimou Zhang'}, {'@type': 'Person', 'url': '/celebrity/1329527/', 'name': '张末 Mo Zhang'}]",PT1H36M,"['剧情', '历史', '战争']",https://img9.doubanio.com/view/photo/s_ratio_poster/public/p2738601191.jpg,狙击手,/subject/35215390/
5,http://schema.org,Movie,"[{'@type': 'Person', 'url': '/celebrity/1036342/', 'name': '肯尼思·布拉纳 Kenneth Branagh'}, {'@type': 'Person', 'url': '/celebrity/1044996/', 'name': '盖尔·加朵 Gal Gadot'}, {'@type': 'Person', 'url': '/celebrity/1265420/', 'name': '露丝·莱斯利 Rose Leslie'}, {'@type': 'Person', 'url': '/celebrity/1356810/', 'name': '利蒂希娅·赖特 Letitia Wright'}, {'@type': 'Person', 'url': '/celebrity/1408162/', 'name': '艾玛·麦基 Emma Mackey'}, {'@type': 'Person', 'url': '/celebrity/1049997/', 'name': '艾米·汉莫 Armie Hammer'}, {'@type': 'Person', 'url': '/celebrity/1010636/', 'name': '珍妮弗·桑德斯 Jennifer Saunders'}, {'@type': 'Person', 'url': '/celebrity/1013866/', 'name': '苏菲·奥康内多 Sophie Okonedo'}, {'@type': 'Person', 'url': '/celebrity/1017944/', 'name': '安妮特·贝宁 Annette Bening'}, {'@type': 'Person', 'url': '/celebrity/1449234/', 'name': '妮基塔·查达哈 Nikkita Chadha'}, {'@type': 'Person', 'url': '/celebrity/1328705/', 'name': '汤姆·巴特曼 Tom Bateman'}, {'@type': 'Person', 'url': '/celebrity/1017985/', 'name': '亚当·加西亚 Adam Garcia'}, {'@type': 'Person', 'url': '/celebrity/1017888/', 'name': '拉塞尔·布兰德 Russell Brand'}, {'@type': 'Person', 'url': '/celebrity/1027902/', 'name': '唐·弗兰奇 Dawn French'}, {'@type': 'Person', 'url': '/celebrity/1027508/', 'name': '里克·沃登 Rick Warden'}, {'@type': 'Person', 'url': '/celebrity/1342409/', 'name': '阿里·法扎勒 Ali Fazal'}, {'@type': 'Person', 'url': '/celebrity/1436662/', 'name': '尼亚姆·林奇 Niamh Lynch'}, {'@type': 'Person', 'url': '/celebrity/1415182/', 'name': '埃莉诺·德·罗汉 Eleanor de Rohan'}, {'@type': 'Person', 'url': '/celebrity/1348212/', 'name': '爱德华·刘易斯·弗伦奇 Edward Lewis French'}, {'@type': 'Person', 'url': '/celebrity/1392990/', 'name': '拉普洛斯·卡伦福佐斯 Lampros Kalfuntzos'}, {'@type': 'Person', 'url': '/celebrity/1468423/', 'name': '弗朗西斯·洛夫霍尔 Francis Lovehall'}, {'@type': 'Person', 'url': '/celebrity/1468424/', 'name': '维克多·阿里 Victor Alli'}]","{'@type': 'AggregateRating', 'ratingCount': '48165', 'bestRating': '10', 'worstRating': '2', 'ratingValue': '6.0'}","[{'@type': 'Person', 'url': '/celebrity/1339873/', 'name': '迈克尔·格林 Michael Green'}, {'@type': 'Person', 'url': '/celebrity/1050010/', 'name': '阿加莎·克里斯蒂 Agatha Christie'}]",2022-02-11,故事继续聚焦在上流社会的秘事，大侦探波洛（肯尼思·布拉纳 Kenneth Branagh 饰）在埃及度假期间， 卷入到了一场危险的三角关系之中，他在察觉到这趟旅程中不寻常的味道之后，登上了那条驶往阴谋...,"[{'@type': 'Person', 'url': '/celebrity/1036342/', 'name': '肯尼思·布拉纳 Kenneth Branagh'}]",PT2H7M,"['剧情', '犯罪', '悬疑']",https://img9.doubanio.com/view/photo/s_ratio_poster/public/p2854856216.jpg,尼罗河上的惨案 Death on the Nile,/subject/27203644/
6,http://schema.org,Movie,"[{'@type': 'Person', 'url': '/celebrity/1336919/', 'name': '张秉君 Bingjun Zhang'}, {'@type': 'Person', 'url': '/celebrity/1336920/', 'name': '张伟 Wei Zhang'}, {'@type': 'Person', 'url': '/celebrity/1336930/', 'name': '谭笑 Xiao Tan'}, {'@type': 'Person', 'url': '/celebrity/1440667/', 'name': '李婉瑶 Wanyao Li'}, {'@type': 'Person', 'url': '/celebrity/1464531/', 'name': '程子洋 Ziyang Cheng'}, {'@type': 'Person', 'url': '/celebrity/1336939/', 'name': '刘思奇 Siqi Liu'}]","{'@type': 'AggregateRating', 'ratingCount': '18442', 'bestRating': '10', 'worstRating': '2', 'ratingValue': '6.6'}","[{'@type': 'Person', 'url': '/celebrity/1336909/', 'name': '万秦 Qin Wan'}, {'@type': 'Person', 'url': '/celebrity/1336906/', 'name': '徐芸 Yun Xu'}, {'@type': 'Person', 'url': '/celebrity/1383026/', 'name': '蒋琳 Lin Jiang'}]",2022-02-01,"有点懒又有点馋的熊二虽然总是各种失误犯错，内心却一直梦想成为一位英雄，以此获得大家特别是哥哥熊大的认可。
一块外星原核的坠落打破了狗熊岭的平静，熊二意外的与外星原核合体，成为了拥有外星智慧能量的熊！随...","[{'@type': 'Person', 'url': '/celebrity/1336917/', 'name': '林汇达 Huida Lin'}]",PT1H39M,"['儿童', '喜剧', '动画']",https://img9.doubanio.com/view/photo/s_ratio_poster/public/p2856825681.jpg,熊出没·重返地球,/subject/35377026/
7,http://schema.org,Movie,"[{'@type': 'Person', 'url': '/celebrity/1325862/', 'name': '蒂莫西·柴勒梅德 Timothée Chalamet'}, {'@type': 'Person', 'url': '/celebrity/1025133/', 'name': '艾丽·范宁 Elle Fanning'}, {'@type': 'Person', 'url': '/celebrity/1047993/', 'name': '赛琳娜·戈麦斯 Selena Gomez'}, {'@type': 'Person', 'url': '/celebrity/1010510/', 'name': '裘德·洛 Jude Law'}, {'@type': 'Person', 'url': '/celebrity/1013867/', 'name': '迭戈·卢纳 Diego Luna'}, {'@type': 'Person', 'url': '/celebrity/1027151/', 'name': '列维·施瑞博尔 Liev Schreiber'}, {'@type': 'Person', 'url': '/celebrity/1257274/', 'name': '安娜莱吉·阿什福特 Annaleigh Ashford'}, {'@type': 'Person', 'url': '/celebrity/1044871/', 'name': '丽贝卡·豪尔 Rebecca Hall'}, {'@type': 'Person', 'url': '/celebrity/1348252/', 'name': '苏琪·沃特豪斯 Suki Waterhouse'}, {'@type': 'Person', 'url': '/celebrity/1354976/', 'name': '凯莉·罗尔巴赫 Kelly Rohrbach'}, {'@type': 'Person', 'url': '/celebrity/1040616/', 'name': '切莉·琼斯 Cherry Jones'}, {'@type': 'Person', 'url': '/celebrity/1207956/', 'name': '葛瑞芬·纽曼 Griffin Newman'}, {'@type': 'Person', 'url': '/celebrity/1143494/', 'name': '凯瑟琳·利·斯科特 Kathryn Leigh Scott'}, {'@type': 'Person', 'url': '/celebrity/1387745/', 'name': '娜塔莎·罗曼诺娃 Natasha Romanova'}, {'@type': 'Person', 'url': '/celebrity/1385520/', 'name': '维尔·罗杰斯 Will Rogers'}, {'@type': 'Person', 'url': '/celebrity/1386538/', 'name': '雅各布·伯格 Jacob Berger'}, {'@type': 'Person', 'url': '/celebrity/1392712/', 'name': '克里斯·班克斯 Chris Banks'}, {'@type': 'Person', 'url': '/celebrity/1403279/', 'name': '艾恩斯利·丹恩 Aynsleigh Dann'}, {'@type': 'Person', 'url': '/celebrity/1360577/', 'name': '马科·查卡 Marko Caka'}, {'@type': 'Person', 'url': '/celebrity/1234032/', 'name': '达里尔·鲁本·霍尔 Darryl Reuben Hall'}, {'@type': 'Person', 'url': '/celebrity/1258532/', 'name': '泰勒·布莱克 Taylor Black'}, {'@type': 'Person', 'url': '/celebrity/1148793/', 'name': '唐·斯蒂芬森 Don Stephenson'}, {'@type': 'Person', 'url': '/celebrity/1267342/', 'name': '玛丽·博耶 Mary Boyer'}, {'@type': 'Person', 'url': '/celebrity/1102383/', 'name': '乔纳森·霍根 Jonathan Hogan'}, {'@type': 'Person', 'url': '/celebrity/1428346/', 'name': '迪伦·普林斯 Dylan Prince'}, {'@type': 'Person', 'url': '/celebrity/1428347/', 'name': '伊利亚·布斯 Elijah Boothe'}, {'@type': 'Person', 'url': '/celebrity/1428348/', 'name': '苏珊娜·史密斯 Suzanne Smith'}, {'@type': 'Person', 'url': '/celebrity/1428349/', 'name': '奥利维娅·博勒姆-温 Olivia Boreham-Wing'}, {'@type': 'Person', 'url': '/celebrity/1428350/', 'name': '加里·维尔姆斯 Gary Wilmes'}, {'@type': 'Person', 'url': '/celebrity/1428351/', 'name': '泰勒·威克斯 Tyler Weaks'}, {'@type': 'Person', 'url': '/celebrity/1428352/', 'name': '本·沃黑特 Ben Warheit'}]","{'@type': 'AggregateRating', 'ratingCount': '137066', 'bestRating': '10', 'worstRating': '2', 'ratingValue': '7.3'}","[{'@type': 'Person', 'url': '/celebrity/1054430/', 'name': '伍迪·艾伦 Woody Allen'}]",2019-07-26,盖茨比（提莫西·查拉梅 Timothée Chalamet 饰）和艾什莉（艾丽·范宁 Elle Fanning 饰）是一对年轻的情侣，盖茨比浑身散发着文艺气息，对浪漫有着无限的向往和幻想，艾什莉则野心...,"[{'@type': 'Person', 'url': '/celebrity/1054430/', 'name': '伍迪·艾伦 Woody Allen'}]",PT1H32M,"['喜剧', '爱情']",https://img9.doubanio.com/view/photo/s_ratio_poster/public/p2868674760.jpg,纽约的一个雨天 A Rainy Day in New York,/subject/27089612/
8,http://schema.org,Movie,"[{'@type': 'Person', 'url': '/celebrity/1465198/', 'name': '申世佑 Shiyou Shen'}, {'@type': 'Person', 'url': '/celebrity/1336939/', 'name': '刘思奇 Siqi Liu'}, {'@type': 'Person', 'url': '/celebrity/1410984/', 'name': '张茗 Ming Zhang'}, {'@type': 'Person', 'url': '/celebrity/1448197/', 'name': '贾晨露 Chenlu Jia'}, {'@type': 'Person', 'url': '/celebrity/1390171/', 'name': '杨凝 Ning Yang'}, {'@type': 'Person', 'url': '/celebrity/1334350/', 'name': '宝木中阳 Ming Song'}, {'@type': 'Person', 'url': '/celebrity/1317670/', 'name': '姜广涛 Guangtao Jiang'}, {'@type': 'Person', 'url': '/celebrity/1334349/', 'name': '山新 Shuang Wang'}, {'@type': 'Person', 'url': '/celebrity/1356929/', 'name': '徐春妮 Chunni Xu'}, {'@type': 'Person', 'url': '/celebrity/1465199/', 'name': '张鹂 Li Zhang'}, {'@type': 'Person', 'url': '/celebrity/1320458/', 'name': '李立宏 Lihong Li'}, {'@type': 'Person', 'url': '/celebrity/1355495/', 'name': '王凯 Kai Wang'}, {'@type': 'Person', 'url': '/celebrity/1444359/', 'name': '刘炫锐 Xuanrui Liu'}, {'@type': 'Person', 'url': '/celebrity/1317642/', 'name': '潘延 Yan Pan '}, {'@type': 'Person', 'url': '/celebrity/1321914/', 'name': '符冲 Chong Fu'}, {'@type': 'Person', 'url': '/celebrity/1313517/', 'name': '崔杰 Jie Cui'}, {'@type': 'Person', 'url': '/celebrity/1443640/', 'name': '陈兆雄 Zhaoxiong Chen'}]","{'@type': 'AggregateRating', 'ratingCount': '0', 'bestRating': '10', 'worstRating': '2', 'ratingValue': ''}","[{'@type': 'Person', 'url': '/celebrity/1336906/', 'name': '徐芸 Yun Xu'}, {'@type': 'Person', 'url': '/celebrity/1465455/', 'name': '王刚 Gang Wang'}, {'@type': 'Person', 'url': '/celebrity/1465458/', 'name': '张杰 Jie Zhang'}, {'@type': 'Person', 'url': '/celebrity/1465459/', 'name': '徐碧君 Bijun Xu'}, {'@type': 'Person', 'url': '/celebrity/1465460/', 'name': '徐博 Bo Xu'}, {'@type': 'Person', 'url': '/celebrity/1465461/', 'name': '韩飞翼 Feiyi Han'}, {'@type': 'Person', 'url': '/celebrity/1465462/', 'name': '谢鹏 Peng Xie'}, {'@type': 'Person', 'url': '/celebrity/1465463/', 'name': '潘晓璇 Xiaoxuan Pan'}]",2022-02-19,冰墩墩和雪容融在去参加奥运村的开村典礼时发生了一系列奇妙故事。小光头强与小熊大熊二一起帮助大家从暴风雪中脱险；九月偶然“捡到”冰墩墩，将其送回的同时收获完美假期；小虎妞在玩具的鼓励下勇敢面对挑战；大圣...,"[{'@type': 'Person', 'url': '/celebrity/1352577/', 'name': '林永长 Yongchang Lin'}, {'@type': 'Person', 'url': '/celebrity/1343518/', 'name': '李豪凌 Haoling Li'}, {'@type': 'Person', 'url': '/celebrity/1464940/', 'name': '庄昊 Hao Zhuang'}, {'@type': 'Person', 'url': '/celebrity/1464941/', 'name': '曲强 Qiang Qu'}, {'@type': 'Person', 'url': '/celebrity/1465451/', 'name': '钟鸣 Ming Zhong'}, {'@type': 'Person', 'url': '/celebrity/1465453/', 'name': '张喆 Zhe Zhang'}, {'@type': 'Person', 'url': '/celebrity/1465454/', 'name': '王利文 Liwen Wang'}]",PT1H30M,"['剧情', '动画']",https://img9.doubanio.com/view/photo/s_ratio_poster/public/p2868685568.jpg,我们的冬奥,/subject/35517371/
9,http://schema.org,Movie,"[{'@type': 'Person', 'url': '/celebrity/1336305/', 'name': '刘昊然 Haoran Liu'}, {'@type': 'Person', 'url': '/celebrity/1410267/', 'name': '刘浩存 Haocun Liu'}, {'@type': 'Person', 'url': '/celebrity/1325700/', 'name': '沈腾 Teng Shen'}, {'@type': 'Person', 'url': '/celebrity/1332934/', 'name': '尹正 Zheng Yin'}, {'@type': 'Person', 'url': '/celebrity/1316368/', 'name': '乔杉 Shan Qiao'}, {'@type': 'Person', 'url': '/celebrity/1404157/', 'name': '周奇 Qi Zhou'}, {'@type': 'Person', 'url': '/celebrity/1357957/', 'name': '张宥浩 Youhao Zhang'}, {'@type': 'Person', 'url': '/celebrity/1275721/', 'name': '冯绍峰 Shaofeng Feng'}, {'@type': 'Person', 'url': '/celebrity/1041404/', 'name': '黄晓明 Xiaoming Huang'}, {'@type': 'Person', 'url': '/celebrity/1350317/', 'name': '王彦霖 Yanlin Wang'}, {'@type': 'Person', 'url': '/celebrity/1075760/', 'name': '陈小春 Jordan Chan'}, {'@type': 'Person', 'url': '/celebrity/1338004/', 'name': '吴彦姝 Yanshu Wu'}, {'@type': 'Person', 'url': '/celebrity/1023948/', 'name': '万梓良 Alex Man'}, {'@type': 'Person', 'url': '/celebrity/1275536/', 'name': '赵子琪 Ziqi Zhao'}, {'@type': 'Person', 'url': '/celebrity/1341199/', 'name': '高华阳 Zack Gao'}]","{'@type': 'AggregateRating', 'ratingCount': '138900', 'bestRating': '10', 'worstRating': '2', 'ratingValue': '5.5'}","[{'@type': 'Person', 'url': '/celebrity/1275307/', 'name': '韩寒 Han Han'}]",2022-02-01,在码头做摩托车特技表演顺便拉客的年轻人吴仁耀（刘昊然 饰），他多年不见的浪荡父亲吴仁腾（沈腾 饰）；梦想大城市生活的餐馆服务员周欢颂和他浮夸真诚的哥哥周欢歌。一支从没有赢过一场比赛的“不败传说”车队频...,"[{'@type': 'Person', 'url': '/celebrity/1275307/', 'name': '韩寒 Han Han'}]",PT2H8M,"['喜剧', '动作', '爱情']",https://img9.doubanio.com/view/photo/s_ratio_poster/public/p2867433563.jpg,四海,/subject/35337517/
10,http://schema.org,Movie,"[{'@type': 'Person', 'url': '/celebrity/1274820/', 'name': '袁文康 Wenkang Yuan'}, {'@type': 'Person', 'url': '/celebrity/1414875/', 'name': '王西 Xi Wang'}, {'@type': 'Person', 'url': '/celebrity/1274235/', 'name': '邓超 Chao Deng'}, {'@type': 'Person', 'url': '/celebrity/1460883/', 'name': '李洛伊 Luoyi Li'}, {'@type': 'Person', 'url': '/celebrity/1316715/', 'name': '蒙亭宜 Tingyi Meng'}, {'@type': 'Person', 'url': '/celebrity/1366847/', 'name': '隋源 Drolma Suijun'}, {'@type': 'Person', 'url': '/celebrity/1366845/', 'name': '王可如 Keru Wang'}, {'@type': 'Person', 'url': '/celebrity/1320548/', 'name': '张小婉 Xiaowan Zhang'}, {'@type': 'Person', 'url': '/celebrity/1274276/', 'name': '刘桦 Hua Liu'}, {'@type': 'Person', 'url': '/celebrity/1301415/', 'name': '杨丽萍 Liping Yang'}, {'@type': 'Person', 'url': '/celebrity/1447953/', 'name': '单依纯 Yichun Shan'}, {'@type': 'Person', 'url': '/celebrity/1357013/', 'name': '杨金赐 Jinci Yang'}, {'@type': 'Person', 'url': '/celebrity/1340702/', 'name': '梁超 Chao Liang'}, {'@type': 'Person', 'url': '/celebrity/1468589/', 'name': '张典哲 dianzhe Zhang'}, {'@type': 'Person', 'url': '/celebrity/1327173/', 'name': '梁翘柏 Kubert Leung'}]","{'@type': 'AggregateRating', 'ratingCount': '0', 'bestRating': '10', 'worstRating': '2', 'ratingValue': ''}","[{'@type': 'Person', 'url': '/celebrity/1276115/', 'name': '刘恒 Heng Liu'}]",2022-02-25,一位用生命守护群众的逆行者，一段不平凡而又揪心的爱情故事。职场、情场都失意的音乐人穆随心（袁文康 饰）驱车前往云南，偶遇单亲妈妈彭彭（王西 饰），二人感情逐渐升温，发现了彼此身上的亮光，也触摸到了内心...,"[{'@type': 'Person', 'url': '/celebrity/1375271/', 'name': '王强 Qiang Wang'}]",PT1H46M,"['剧情', '爱情', '音乐']",https://img9.doubanio.com/view/photo/s_ratio_poster/public/p2868301608.jpg,你是我的一束光,/subject/35657302/
11,http://schema.org,Movie,"[{'@type': 'Person', 'url': '/celebrity/1386044/', 'name': '周依然 Yiran Zhou'}, {'@type': 'Person', 'url': '/celebrity/1389903/', 'name': '施柏宇 Patrick Shih'}, {'@type': 'Person', 'url': '/celebrity/1433032/', 'name': '祁圣翰 Shenghan Qi'}, {'@type': 'Person', 'url': '/celebrity/1360113/', 'name': '魏允熙 Yunxi Wei'}, {'@type': 'Person', 'url': '/celebrity/1423620/', 'name': '白妤霏 Yufei Bai'}, {'@type': 'Person', 'url': '/celebrity/1321153/', 'name': '彭杨 Yang Peng'}, {'@type': 'Person', 'url': '/celebrity/1352257/', 'name': '安娜伊思·马田 Anais Martane'}, {'@type': 'Person', 'url': '/celebrity/1417726/', 'name': '焦迈奇 Maiqi Jiao'}]","{'@type': 'AggregateRating', 'ratingCount': '11100', 'bestRating': '10', 'worstRating': '2', 'ratingValue': '4.8'}","[{'@type': 'Person', 'url': '/celebrity/1436899/', 'name': '胖三井 Pang San Jing'}]",2022-02-14,这世上是否有个人知你冷暖，懂你悲喜？身处北京的助理建筑师安易（周依然 饰）与远在德国的调音师高昂（施柏宇 饰），因一场意外脑电波相连，从此他们听觉、味觉、触觉神奇共享。“被迫绑定”的日子，使他们方寸大...,"[{'@type': 'Person', 'url': '/celebrity/1453063/', 'name': '孙琳 Lin Sun'}]",PT1H35M,"['喜剧', '爱情', '奇幻']",https://img9.doubanio.com/view/photo/s_ratio_poster/public/p2867146164.jpg,好想去你的世界爱你,/subject/35352389/
12,http://schema.org,Movie,"[{'@type': 'Person', 'url': '/celebrity/1440650/', 'name': '周扬 Yang Zhou'}]","{'@type': 'AggregateRating', 'ratingCount': '0', 'bestRating': '10', 'worstRating': '2', 'ratingValue': ''}","[{'@type': 'Person', 'url': '/celebrity/1468146/', 'name': '丁丰林 Fenglin Ding'}]",2022-03-04,该纪录电影以“谁来养活中国？”开篇。以中国1949年新中国成立后，不同年代的彩色胶片（前苏联记者拍摄）画面新旧对比交替叙述，一幅幅朴实的生活画面真实、怀旧、感人。呈现了中国人从“吃得饱”向“吃得好”“...,"[{'@type': 'Person', 'url': '/celebrity/1468011/', 'name': '熊延江 Yanjiang Xiong'}]",PT1H21M,['纪录片'],https://img9.doubanio.com/view/photo/s_ratio_poster/public/p2868240425.jpg,大国粮仓,/subject/35769028/
13,http://schema.org,Movie,"[{'@type': 'Person', 'url': '/celebrity/1392209/', 'name': '孟美岐 Meiqi Meng'}, {'@type': 'Person', 'url': '/celebrity/1041082/', 'name': '夏雨 Yu Xia'}, {'@type': 'Person', 'url': '/celebrity/1274702/', 'name': '萨日娜 Rina Sa'}, {'@type': 'Person', 'url': '/celebrity/1362975/', 'name': '裴魁山 Kuishan Pei'}, {'@type': 'Person', 'url': '/celebrity/1313991/', 'name': '焦刚 Gang Jiao'}, {'@type': 'Person', 'url': '/celebrity/1274258/', 'name': '张国强 Guoqiang Zhang'}, {'@type': 'Person', 'url': '/celebrity/1460113/', 'name': '梁文慧 Wenhui Liang'}, {'@type': 'Person', 'url': '/celebrity/1466874/', 'name': '许沁 Qin Xu'}, {'@type': 'Person', 'url': '/celebrity/1429733/', 'name': '李沐子 Muzi Li'}, {'@type': 'Person', 'url': '/celebrity/1442036/', 'name': '李嘉鑫 Jiaxin Li'}, {'@type': 'Person', 'url': '/celebrity/1468563/', 'name': '李宁悦 Ningyue Li'}, {'@type': 'Person', 'url': '/celebrity/1363816/', 'name': '米特 Mi Te'}]","{'@type': 'AggregateRating', 'ratingCount': '0', 'bestRating': '10', 'worstRating': '2', 'ratingValue': ''}","[{'@type': 'Person', 'url': '/celebrity/1324128/', 'name': '王浙滨 Zhebin Wang'}, {'@type': 'Person', 'url': '/celebrity/1324072/', 'name': '王放放 Fangfang Wang'}, {'@type': 'Person', 'url': '/celebrity/1339571/', 'name': '何可可 Keke He'}]",2022-02-25,电影灵感源自中国冬奥金牌零的突破，讲述冬奥健儿拼搏进取、为国争光的故事。1980年中国代表团开始参加冬奥会，屡次与金牌失之交臂，失败与不甘像针一样狠狠刺痛中国人的心。为实现零的突破，秦杉组建以杨帆为代...,"[{'@type': 'Person', 'url': '/celebrity/1324072/', 'name': '王放放 Fangfang Wang'}]",PT1H44M,"['剧情', '运动']",https://img9.doubanio.com/view/photo/s_ratio_poster/public/p2868783069.jpg,我心飞扬,/subject/32712599/
14,http://schema.org,Movie,"[{'@type': 'Person', 'url': '/celebrity/1316493/', 'name': '祖晴 Qing Zu'}, {'@type': 'Person', 'url': '/celebrity/1316497/', 'name': '张琳 Lin Zhang'}, {'@type': 'Person', 'url': '/celebrity/1316494/', 'name': '邓玉婷 Yuting Deng'}, {'@type': 'Person', 'url': '/celebrity/1316492/', 'name': '梁颖 Ying Liang'}, {'@type': 'Person', 'url': '/celebrity/1316495/', 'name': '刘红韵 Hongyun Liu'}, {'@type': 'Person', 'url': '/celebrity/1316496/', 'name': '高全胜 Quansheng Gao'}, {'@type': 'Person', 'url': '/celebrity/1316498/', 'name': '赵娜 Na Zhao'}]","{'@type': 'AggregateRating', 'ratingCount': '22382', 'bestRating': '10', 'worstRating': '2', 'ratingValue': '6.9'}","[{'@type': 'Person', 'url': '/celebrity/1466771/', 'name': '吴潮威 Chaowei Wu'}]",2022-02-01,"喜羊羊、灰太狼与一众小羊组成的守护者队进入篮球顶级赛事决赛，但却意外地败北，团队分崩离析。
虽然各散东西，但对篮球的热爱和对冠军的渴望让大家再次组队，参加新一届大赛，然而这次的对手更强大，他们面临更大...","[{'@type': 'Person', 'url': '/celebrity/1322246/', 'name': '黄伟明 Leo Huang'}]",PT1H34M,"['喜剧', '动画', '运动']",https://img9.doubanio.com/view/photo/s_ratio_poster/public/p2797468943.jpg,喜羊羊与灰太狼之筐出未来,/subject/35608160/
15,http://schema.org,Movie,"[{'@type': 'Person', 'url': '/celebrity/1314435/', 'name': '卢奇 Qi Lu'}, {'@type': 'Person', 'url': '/celebrity/1316668/', 'name': '于慧 Hui Yu'}, {'@type': 'Person', 'url': '/celebrity/1328280/', 'name': '雅玫 Yamei Zhang'}, {'@type': 'Person', 'url': '/celebrity/1315451/', 'name': '张译文 Yiwen Zhang'}, {'@type': 'Person', 'url': '/celebrity/1275891/', 'name': '赵恒煊 Hengxuan Zhao'}, {'@type': 'Person', 'url': '/celebrity/1316729/', 'name': '宋运成 Yuncheng Song'}, {'@type': 'Person', 'url': '/celebrity/1276153/', 'name': '何建泽 Jianze He'}, {'@type': 'Person', 'url': '/celebrity/1329161/', 'name': '刘妙 Miao Liu'}]","{'@type': 'AggregateRating', 'ratingCount': '0', 'bestRating': '10', 'worstRating': '2', 'ratingValue': ''}","[{'@type': 'Person', 'url': '/celebrity/1311431/', 'name': '王兴东 Xingdong Wang'}]",2022-04-22,文革期间邓小平被革职下放江西，面临多重高压危机四伏，但始终保持坚毅、乐观，初心不改。为了他的安全，工厂师傅为他专门开辟了一条近道。三年零四个月，他每天沿着这条小道去工厂劳动，风雨无阻，后人称之为“邓小...,"[{'@type': 'Person', 'url': '/celebrity/1318130/', 'name': '雷献禾 Xianhe Lei'}, {'@type': 'Person', 'url': '/celebrity/1314435/', 'name': '卢奇 Qi Lu'}]",PT1H45M,"['剧情', '传记']",https://img9.doubanio.com/view/photo/s_ratio_poster/public/p2678123111.jpg,邓小平小道,/subject/35061625/
16,http://schema.org,TVSeries,"[{'@type': 'Person', 'url': '/celebrity/1152771/', 'name': '唐国强 Guoqiang Tang'}, {'@type': 'Person', 'url': '/celebrity/1316990/', 'name': '孙维民 Weimin Sun'}, {'@type': 'Person', 'url': '/celebrity/1275705/', 'name': '王志飞 Zhifei Wang'}, {'@type': 'Person', 'url': '/celebrity/1314975/', 'name': '丁勇岱 Yongdai Ding'}, {'@type': 'Person', 'url': '/celebrity/1316135/', 'name': '刘之冰 Zhibing Liu'}, {'@type': 'Person', 'url': '/celebrity/1317940/', 'name': '姚刚 Gang Yao'}, {'@type': 'Person', 'url': '/celebrity/1315429/', 'name': '韩栋 Dong Han'}, {'@type': 'Person', 'url': '/celebrity/1314471/', 'name': '王挺 Ting Wang'}, {'@type': 'Person', 'url': '/celebrity/1317526/', 'name': '王同辉 Tonghui Wang'}, {'@type': 'Person', 'url': '/celebrity/1313462/', 'name': '何政军 Zhengjun He'}, {'@type': 'Person', 'url': '/celebrity/1322995/', 'name': '王九胜 Jiusheng Wang'}, {'@type': 'Person', 'url': '/celebrity/1328339/', 'name': '奚望 Wang Xi'}, {'@type': 'Person', 'url': '/celebrity/1313244/', 'name': '傅亨 Heng Fu'}, {'@type': 'Person', 'url': '/celebrity/1335267/', 'name': '李思博 Sibo Li'}, {'@type': 'Person', 'url': '/celebrity/1327577/', 'name': '马杰 Jie Ma'}, {'@type': 'Person', 'url': '/celebrity/1334337/', 'name': '娄宇健 Yujian Lou'}, {'@type': 'Person', 'url': '/celebrity/1318596/', 'name': '黄诗佳 Shijia Huang'}, {'@type': 'Person', 'url': '/celebrity/1323793/', 'name': '蒋方婷 Fangting Jiang'}, {'@type': 'Person', 'url': '/celebrity/1318053/', 'name': '吴健 Jian Wu'}, {'@type': 'Person', 'url': '/celebrity/1314011/', 'name': '王伍福 Wufu Wang'}, {'@type': 'Person', 'url': '/celebrity/1316992/', 'name': '郭连文 Lianwen Guo'}, {'@type': 'Person', 'url': '/celebrity/1314435/', 'name': '卢奇 Qi Lu'}, {'@type': 'Person', 'url': '/celebrity/1274973/', 'name': '马晓伟 Xiaowei Ma'}, {'@type': 'Person', 'url': '/celebrity/1330629/', 'name': '赵凯 Kai Zhao'}, {'@type': 'Person', 'url': '/celebrity/1414259/', 'name': '毕海峰 Haifeng Bi'}, {'@type': 'Person', 'url': '/celebrity/1317124/', 'name': '宗平 Ping Zong'}, {'@type': 'Person', 'url': '/celebrity/1312979/', 'name': '连奕名 Yiming Lian'}, {'@type': 'Person', 'url': '/celebrity/1325463/', 'name': '李进荣 Jinrong Li'}, {'@type': 'Person', 'url': '/celebrity/1314326/', 'name': '徐永革 Yongge Xu'}, {'@type': 'Person', 'url': '/celebrity/1457405/', 'name': '林麟 Lin Lin'}, {'@type': 'Person', 'url': '/celebrity/1317898/', 'name': '高一玮 Yiwei Gao'}, {'@type': 'Person', 'url': '/celebrity/1413813/', 'name': '闻杰 Jie Wen'}, {'@type': 'Person', 'url': '/celebrity/1319827/', 'name': '马诗红 Shihong Ma'}, {'@type': 'Person', 'url': '/celebrity/1409397/', 'name': '赵波 Bo Zhao'}, {'@type': 'Person', 'url': '/celebrity/1439282/', 'name': '徐白晓 Baixiao Xu'}, {'@type': 'Person', 'url': '/celebrity/1353232/', 'name': '何云龙 Yunlong He'}, {'@type': 'Person', 'url': '/celebrity/1406514/', 'name': '李麟 Lin Li'}, {'@type': 'Person', 'url': '/celebrity/1370885/', 'name': '袁世龙 Shilong Yuan'}, {'@type': 'Person', 'url': '/celebrity/1415968/', 'name': '薛靖骞 Jingqian Xue'}, {'@type': 'Person', 'url': '/celebrity/1372811/', 'name': '李田野 Tianye Li'}, {'@type': 'Person', 'url': '/celebrity/1358012/', 'name': '葛友元 Youyuan Ge'}, {'@type': 'Person', 'url': '/celebrity/1315975/', 'name': '李健 Jian Li'}, {'@type': 'Person', 'url': '/celebrity/1323150/', 'name': '左佰学 Baixue Zuo'}, {'@type': 'Person', 'url': '/celebrity/1356251/', 'name': '刘兴盛 Xingsheng Liu'}, {'@type': 'Person', 'url': '/celebrity/1339821/', 'name': '姚扩 Kuo Yao'}, {'@type': 'Person', 'url': '/celebrity/1330835/', 'name': '乌日根 Wurigen'}, {'@type': 'Person', 'url': '/celebrity/1314263/', 'name': '徐僧 Seng Xu'}, {'@type': 'Person', 'url': '/celebrity/1330883/', 'name': '张铎 Duo Zhang'}, {'@type': 'Person', 'url': '/celebrity/1317609/', 'name': '张笑君 Xiaojun Zhang'}, {'@type': 'Person', 'url': '/celebrity/1318604/', 'name': '侯祥玲 Xiang-Ling Hou'}, {'@type': 'Person', 'url': '/celebrity/1327428/', 'name': '赵小川 Xiaochuan Zhao'}, {'@type': 'Person', 'url': '/celebrity/1328368/', 'name': '杨钧丞 Juncheng Yang'}, {'@type': 'Person', 'url': '/celebrity/1363921/', 'name': '尹键 Jian Yin'}, {'@type': 'Person', 'url': '/celebrity/1318953/', 'name': '杜相 Xiang Du'}, {'@type': 'Person', 'url': '/celebrity/1322137/', 'name': '刘川 Chuan Liu'}, {'@type': 'Person', 'url': '/celebrity/1331007/', 'name': '张页石 Yeshi Zhang'}, {'@type': 'Person', 'url': '/celebrity/1355549/', 'name': '张卫 Wei Zhang'}, {'@type': 'Person', 'url': '/celebrity/1313180/', 'name': '谢钢 Gang Xie'}, {'@type': 'Person', 'url': '/celebrity/1465160/', 'name': '王梓源 Ziyuan Wang'}, {'@type': 'Person', 'url': '/celebrity/1355807/', 'name': '黄卫 Wei Huang'}, {'@type': 'Person', 'url': '/celebrity/1399620/', 'name': '楚建 Jian Chu'}, {'@type': 'Person', 'url': '/celebrity/1326047/', 'name': '脱一然 Yiran Tuo'}, {'@type': 'Person', 'url': '/celebrity/1313051/', 'name': '吕一丁 Yiding Lü'}, {'@type': 'Person', 'url': '/celebrity/1331308/', 'name': '屠夏岩 Xiayan Tu'}, {'@type': 'Person', 'url': '/celebrity/1439872/', 'name': '王子宸 Zichen Wang'}, {'@type': 'Person', 'url': '/celebrity/1411328/', 'name': '李建忠 Jianzhong Li'}, {'@type': 'Person', 'url': '/celebrity/1463943/', 'name': '赵晓龙 Xiaolong Zhao'}, {'@type': 'Person', 'url': '/celebrity/1439503/', 'name': '王少敏 Shaomin Wang'}, {'@type': 'Person', 'url': '/celebrity/1052863/', 'name': '岳红 Hong Yue'}, {'@type': 'Person', 'url': '/celebrity/1331722/', 'name': '苏丽 Li Su'}, {'@type': 'Person', 'url': '/celebrity/1318918/', 'name': '于清斌 Qingbin Yu'}, {'@type': 'Person', 'url': '/celebrity/1337199/', 'name': '王子刚 Zigang Wang'}, {'@type': 'Person', 'url': '/celebrity/1392549/', 'name': '王义钦 Yiqin Wang'}, {'@type': 'Person', 'url': '/celebrity/1389578/', 'name': '蒋典 Dian Jiang'}, {'@type': 'Person', 'url': '/celebrity/1359203/', 'name': '侯俊光 Junguang Hou'}, {'@type': 'Person', 'url': '/celebrity/1463271/', 'name': '张峰 Feng Zhang '}, {'@type': 'Person', 'url': '/celebrity/1389032/', 'name': '黄垲翔 Kaixiang Huang'}, {'@type': 'Person', 'url': '/celebrity/1323831/', 'name': '侯骏桀 Junjie Hou'}, {'@type': 'Person', 'url': '/celebrity/1379645/', 'name': '李涛亮 Taoliang Li'}, {'@type': 'Person', 'url': '/celebrity/1405034/', 'name': '叶沛 Pei Ye'}, {'@type': 'Person', 'url': '/celebrity/1318793/', 'name': '周征波 Zhengbo Zhou'}, {'@type': 'Person', 'url': '/celebrity/1371033/', 'name': '龙沐春 Muchun Long'}, {'@type': 'Person', 'url': '/celebrity/1321572/', 'name': '林津锋 Jinfeng Lin'}, {'@type': 'Person', 'url': '/celebrity/1348164/', 'name': '张哲人 Zheren Zhang'}, {'@type': 'Person', 'url': '/celebrity/1328897/', 'name': '张嘉 Jia Zhang'}, {'@type': 'Person', 'url': '/celebrity/1419065/', 'name': '刘涤非 Difei Liu'}, {'@type': 'Person', 'url': '/celebrity/1408765/', 'name': '刘一江 Yijiang Liu'}, {'@type': 'Person', 'url': '/celebrity/1434624/', 'name': '杨天正 Tianzheng Yang'}, {'@type': 'Person', 'url': '/celebrity/1390273/', 'name': '赵铁英 Tieying Zhao'}, {'@type': 'Person', 'url': '/celebrity/1329154/', 'name': '魏子涵 Zihan Wei'}, {'@type': 'Person', 'url': '/celebrity/1328092/', 'name': '孙锡堃 Xikun Sun'}, {'@type': 'Person', 'url': '/celebrity/1417165/', 'name': '冯玉玺 Yuxi Feng'}, {'@type': 'Person', 'url': '/celebrity/1332263/', 'name': '翟小光 Xiaoguang Zhai'}, {'@type': 'Person', 'url': '/celebrity/1320989/', 'name': '杨骏 Jun Yang'}, {'@type': 'Person', 'url': '/celebrity/1328243/', 'name': '杨轶然 Yiran Yang'}, {'@type': 'Person', 'url': '/celebrity/1328868/', 'name': '周钦霖 Qinlin Zhou'}, {'@type': 'Person', 'url': '/celebrity/1384557/', 'name': '周雨铭 Yuming Zhou'}, {'@type': 'Person', 'url': '/celebrity/1364843/', 'name': '倪新宇 Xinyu Ni'}, {'@type': 'Person', 'url': '/celebrity/1343203/', 'name': '项斌 Bin Xiang'}, {'@type': 'Person', 'url': '/celebrity/1357491/', 'name': '牛志强 Zhiqiang Niu'}, {'@type': 'Person', 'url': '/celebrity/1388624/', 'name': '白海龙 White Dragon'}, {'@type': 'Person', 'url': '/celebrity/1316194/', 'name': '张倬闻 Zhuowen Zhang'}, {'@type': 'Person', 'url': '/celebrity/1429222/', 'name': '王中楷 Zhongkai Wang'}, {'@type': 'Person', 'url': '/celebrity/1390661/', 'name': '时晓飞 Xiaofei Shi'}, {'@type': 'Person', 'url': '/celebrity/1421929/', 'name': '杨俊超 Junchao Yang'}, {'@type': 'Person', 'url': '/celebrity/1372850/', 'name': '杨涌 Yong Yang'}, {'@type': 'Person', 'url': '/celebrity/1427630/', 'name': '刘天尧 Tianyao Liu'}, {'@type': 'Person', 'url': '/celebrity/1375910/', 'name': '张万喆 Wanzhe Zhang'}, {'@type': 'Person', 'url': '/celebrity/1421022/', 'name': '侯一滨 Yibin Hou'}, {'@type': 'Person', 'url': '/celebrity/1400096/', 'name': '陈楷 Kai Chen'}, {'@type': 'Person', 'url': '/celebrity/1373503/', 'name': '王俊彭 Junpeng Wang'}, {'@type': 'Person', 'url': '/celebrity/1360963/', 'name': '王禹博 Yubo Wang'}, {'@type': 'Person', 'url': '/celebrity/1362576/', 'name': '毕晓晨 Xiaochen Bi'}, {'@type': 'Person', 'url': '/celebrity/1328743/', 'name': '文江 Jiang Wen'}, {'@type': 'Person', 'url': '/celebrity/1383540/', 'name': '马小媛 Xiaoyuan Ma'}, {'@type': 'Person', 'url': '/celebrity/1330844/', 'name': '张竞达 Jingda Zhang'}, {'@type': 'Person', 'url': '/celebrity/1417931/', 'name': '丹尼尔·克劳泽 Daniel Krauser'}, {'@type': 'Person', 'url': '/celebrity/1430186/', 'name': '托马斯·菲凯 Thomas Fiquet'}, {'@type': 'Person', 'url': '/celebrity/1238375/', 'name': '马铁摩 Temur Mamisashvili'}, {'@type': 'Person', 'url': '/celebrity/1348312/', 'name': '弗雷德里克·叶德斯特罗姆 Fredrik Yderström'}, {'@type': 'Person', 'url': '/celebrity/1463270/', 'name': '古尊·伊戈尔 Igor Guzun '}, {'@type': 'Person', 'url': '/celebrity/1464402/', 'name': '沈琦 Qi Shen'}, {'@type': 'Person', 'url': '/celebrity/1465163/', 'name': ' C.T. / Gao Mingyu Evans  '}, {'@type': 'Person', 'url': '/celebrity/1465164/', 'name': '暗真 AJ Donnelly'}, {'@type': 'Person', 'url': '/celebrity/1465165/', 'name': '钱焜 Nathaniel Boyd '}, {'@type': 'Person', 'url': '/celebrity/1433713/', 'name': '埃里克·海斯 Eric Heise'}, {'@type': 'Person', 'url': '/celebrity/1465168/', 'name': '史密斯·丹尼·富兰克林 Smith Danny Franklin'}, {'@type': 'Person', 'url': '/celebrity/1450729/', 'name': '吴建铮 Jianzheng Wu'}, {'@type': 'Person', 'url': '/celebrity/1452812/', 'name': '杨帆 Fan Yang'}, {'@type': 'Person', 'url': '/celebrity/1465169/', 'name': '马意骏 Cavolo Mario Eugene'}, {'@type': 'Person', 'url': '/celebrity/1465170/', 'name': '施魏因斯堡·海因茨-迪特 Scheweinsberg Heinz-Dieter'}, {'@type': 'Person', 'url': '/celebrity/1465171/', 'name': '奥尔蒂斯·里奥·卡里佐萨·拉斐尔 Ortiz Río Carrizosa Rafael'}, {'@type': 'Person', 'url': '/celebrity/1465172/', 'name': '马尔蒙·加里 Malmon Gary'}, {'@type': 'Person', 'url': '/celebrity/1465173/', 'name': '布鲁赫特·尼古拉斯·皮埃尔 Bruechrt Nicholas Pierre'}, {'@type': 'Person', 'url': '/celebrity/1350129/', 'name': '史蒂芬·伯格丁 Steve Boergadine'}]","{'@type': 'AggregateRating', 'ratingCount': '23145', 'bestRating': '10', 'worstRating': '2', 'ratingValue': '8.5'}","[{'@type': 'Person', 'url': '/celebrity/1320304/', 'name': '余飞 Fei Yu'}, {'@type': 'Person', 'url': '/celebrity/1376446/', 'name': '辛志海 Zhihai Xin'}, {'@type': 'Person', 'url': '/celebrity/1450851/', 'name': '韩冬 Dong Han'}, {'@type': 'Person', 'url': '/celebrity/1463323/', 'name': '郭光荣 Guangrong Guo'}, {'@type': 'Person', 'url': '/celebrity/1403720/', 'name': '王乙涵 Yihan Wang'}]",2020-12-27,1950年6月25日，朝鲜战争正式爆发。第七舰队驶入台湾海峡，美军别有用心地派飞机“误炸”安东市区，造成无辜百姓伤亡。形势所迫，愤怒的新中国领导人下了亮剑的决心。10月25日，志愿军指挥部成立。彭德怀...,"[{'@type': 'Person', 'url': '/celebrity/1320077/', 'name': '董亚春 Yachun Dong'}, {'@type': 'Person', 'url': '/celebrity/1332975/', 'name': '马跃千 Yueqian Ma'}, {'@type': 'Person', 'url': '/celebrity/1422180/', 'name': '黄楠 Nan Huang'}, {'@type': 'Person', 'url': '/celebrity/1450505/', 'name': '姜威 Wei Jiang'}]",PT0H45M,"['历史', '战争']",https://img9.doubanio.com/view/photo/s_ratio_poster/public/p2629242728.jpg,跨过鸭绿江,/subject/35084419/
17,http://schema.org,Movie,"[{'@type': 'Person', 'url': '/celebrity/1327669/', 'name': '李丞峰 Chengfeng Li'}, {'@type': 'Person', 'url': '/celebrity/1324500/', 'name': '邓钢 Gang Deng'}, {'@type': 'Person', 'url': '/celebrity/1275893/', 'name': '牛犇 Ben Niu'}, {'@type': 'Person', 'url': '/celebrity/1317117/', 'name': '阎青妤 Qingyu Yan'}, {'@type': 'Person', 'url': '/celebrity/1414423/', 'name': '牛犇 Ben Niu'}]","{'@type': 'AggregateRating', 'ratingCount': '0', 'bestRating': '10', 'worstRating': '2', 'ratingValue': ''}",[],2022-03-04,在大都市打拼多年的大龄青年俞树返乡创业，让爱面子的父亲恼羞成怒，也让未婚妻的母亲贾红妹极为不满，意图通过索取“天价彩礼”逼迫俞树和榴莲分手。性情火热的榴莲为爱私奔，到俞树家筹备婚礼，此举令贾红妹火上浇...,"[{'@type': 'Person', 'url': '/celebrity/1418866/', 'name': '史卫强 Weiqiang Shi'}]",PT1H28M,"['爱情', '家庭']",https://img9.doubanio.com/view/photo/s_ratio_poster/public/p2841314726.jpg,今年过年就结婚,/subject/35410200/
18,http://schema.org,Movie,"[{'@type': 'Person', 'url': '/celebrity/1274230/', 'name': '郭晓东 Xiaodong Guo'}, {'@type': 'Person', 'url': '/celebrity/1314783/', 'name': '丁柳元 Liuyuan Ding'}, {'@type': 'Person', 'url': '/celebrity/1313723/', 'name': '严晓频 Xiaopin Yan'}, {'@type': 'Person', 'url': '/celebrity/1365811/', 'name': '蒋易 Yi Jiang'}, {'@type': 'Person', 'url': '/celebrity/1182844/', 'name': '寇振海 Zhenhai Kou'}, {'@type': 'Person', 'url': '/celebrity/1313462/', 'name': '何政军 Zhengjun He'}, {'@type': 'Person', 'url': '/celebrity/1318793/', 'name': '周征波 Zhengbo Zhou'}, {'@type': 'Person', 'url': '/celebrity/1318657/', 'name': '曲国强 Guoqiang Qu'}, {'@type': 'Person', 'url': '/celebrity/1411882/', 'name': '王思涵 Merlin Wang'}, {'@type': 'Person', 'url': '/celebrity/1316426/', 'name': '张立 Li Zhang'}, {'@type': 'Person', 'url': '/celebrity/1368061/', 'name': '吴昊西 Haoxi Wu'}, {'@type': 'Person', 'url': '/celebrity/1460506/', 'name': '史嘉怡 Jiayi Shi'}]","{'@type': 'AggregateRating', 'ratingCount': '0', 'bestRating': '10', 'worstRating': '2', 'ratingValue': ''}","[{'@type': 'Person', 'url': '/celebrity/1315936/', 'name': '高满堂 Mantang Gao'}, {'@type': 'Person', 'url': '/celebrity/1357055/', 'name': '李唯 Wei Li'}]",2021-08-06,电影回溯焦裕禄同志短暂而光辉的一生。全片从“一名党员”“一位干部”“一个亲人”三个不同的角度全面立体的回顾了焦裕禄同志光辉的一生。根据焦裕禄二女儿焦守云口述改编。,"[{'@type': 'Person', 'url': '/celebrity/1305096/', 'name': '范元 Yuan Fan'}]",PT1H48M,"['剧情', '传记']",https://img9.doubanio.com/view/photo/s_ratio_poster/public/p2673163209.jpg,我的父亲焦裕禄,/subject/35132974/
19,http://schema.org,Movie,"[{'@type': 'Person', 'url': '/celebrity/1315868/', 'name': '艾东 Dong Ai'}, {'@type': 'Person', 'url': '/celebrity/1465620/', 'name': '王子伊 Ziyi Wang'}, {'@type': 'Person', 'url': '/celebrity/1364843/', 'name': '倪新宇 Xinyu Ni'}, {'@type': 'Person', 'url': '/celebrity/1359016/', 'name': '标马 Ma Biao'}]","{'@type': 'AggregateRating', 'ratingCount': '0', 'bestRating': '10', 'worstRating': '2', 'ratingValue': ''}","[{'@type': 'Person', 'url': '/celebrity/1456853/', 'name': '孟广顺 Guangshun Meng'}]",2021-12-21,改编自同名长篇小说，讲述铁路建设者们服从和响应党的号召，不畏艰难险阻，积极投身高铁事业的感人故事。通过展现一线建设者精神风貌，弘扬当代铁路建设者敢为人先、奋发进取、不屈不挠的家国情怀，力求打造出一部反...,"[{'@type': 'Person', 'url': '/celebrity/1339763/', 'name': '陈国军 Guojun Chen'}, {'@type': 'Person', 'url': '/celebrity/1466391/', 'name': '陈赫 He Chen'}]",PT1H42M,['剧情'],https://img9.doubanio.com/view/photo/s_ratio_poster/public/p2775064044.jpg,高铁作证,/subject/35462169/
20,http://schema.org,Movie,[],"{'@type': 'AggregateRating', 'ratingCount': '0', 'bestRating': '10', 'worstRating': '2', 'ratingValue': ''}",[],2022-02-28,"以中国工农红军西路军梨园口战役为背景，谱写了一曲红军血洒河西走廊、与敌人血战到底的悲壮史诗。
影片由曾创作《大决战-辽沈战役》、《冲出亚马逊》、《八月一日》等众多优秀电影的宋业明执导，甘肃省文联副主席...",[],PT1H39M,"['历史', '战争']",https://img9.doubanio.com/view/photo/s_ratio_poster/public/p2868682043.jpg,浴血誓言,/subject/35770476/
21,http://schema.org,Movie,"[{'@type': 'Person', 'url': '/celebrity/1411267/', 'name': '张亚奇 Yaqi Zhang'}, {'@type': 'Person', 'url': '/celebrity/1460443/', 'name': '钟星辉 patrick'}, {'@type': 'Person', 'url': '/celebrity/1464355/', 'name': '李佳璇 Jiaxuan Li'}, {'@type': 'Person', 'url': '/celebrity/1384354/', 'name': '阮晓伟 Xiaowei Ruan'}, {'@type': 'Person', 'url': '/celebrity/1415682/', 'name': '张强 Qiang Zhang'}, {'@type': 'Person', 'url': '/celebrity/1464357/', 'name': '张天乐 Tianle Zhang'}]","{'@type': 'AggregateRating', 'ratingCount': '0', 'bestRating': '10', 'worstRating': '2', 'ratingValue': ''}","[{'@type': 'Person', 'url': '/celebrity/1464042/', 'name': '闫宏宇 Hongyu Yan'}]",2022-02-18,女鬼暗夜复活！民国鬼杀夺命！白米埋尸噬魂杀，鬼刃穿腹斩灵杀，女鬼点名要命！一幕幕“连环鬼杀”怵目惊心，令人胆寒！时局动荡，冤魂游离，怨灵四散。名流豪绅接连遭遇鬼灭之刃，惨状百态、鲜血如注。留洋归来的推...,"[{'@type': 'Person', 'url': '/celebrity/1464041/', 'name': '梁煜良 Yuliang Liang'}]",PT1H38M,"['悬疑', '惊悚']",https://img9.doubanio.com/view/photo/s_ratio_poster/public/p2739091163.jpg,密案1922,/subject/35655931/
22,http://schema.org,Movie,"[{'@type': 'Person', 'url': '/celebrity/1388916/', 'name': '丁禹兮 Yuxi Ding'}, {'@type': 'Person', 'url': '/celebrity/1397388/', 'name': '任敏 Min Ren'}, {'@type': 'Person', 'url': '/celebrity/1327766/', 'name': '李泽锋 Zefeng Li'}, {'@type': 'Person', 'url': '/celebrity/1455080/', 'name': '王川 Chuan Wang'}, {'@type': 'Person', 'url': '/celebrity/1454991/', 'name': '许童心 Tongxin Xu'}, {'@type': 'Person', 'url': '/celebrity/1391607/', 'name': '丁楠 Nan Ding'}, {'@type': 'Person', 'url': '/celebrity/1447951/', 'name': '漆昱辰 Yuchen Qi'}, {'@type': 'Person', 'url': '/celebrity/1397178/', 'name': '辛云来 Yunlai Xin'}, {'@type': 'Person', 'url': '/celebrity/1274564/', 'name': '陈莹 Ying Chen'}, {'@type': 'Person', 'url': '/celebrity/1274565/', 'name': '陆诗雨 Shiyu Lu'}, {'@type': 'Person', 'url': '/celebrity/1274560/', 'name': '朱宏嘉 Hongjia Zhu'}, {'@type': 'Person', 'url': '/celebrity/1318950/', 'name': '李宜娟 Yijuan Li'}, {'@type': 'Person', 'url': '/celebrity/1274871/', 'name': '陶慧敏 Huimin Tao'}]","{'@type': 'AggregateRating', 'ratingCount': '28149', 'bestRating': '10', 'worstRating': '2', 'ratingValue': '2.7'}","[{'@type': 'Person', 'url': '/celebrity/1338896/', 'name': '焦婷婷 Tingting Jiao'}, {'@type': 'Person', 'url': '/celebrity/1468161/', 'name': '书海沧生 '}, {'@type': 'Person', 'url': '/celebrity/1348428/', 'name': '袁媛 Yuan Yuan'}]",2022-02-14,除非黄土白骨，守你百岁无忧，你是否遇见十年羁绊百年奉陪的那个人？十年前，寄养在江南水乡的温衡（任敏 饰）第一次被接回北方温家，命运的安排让她遇见了言希（丁禹兮 饰），这一遇见，便是十年纠缠。一个是低眉...,"[{'@type': 'Person', 'url': '/celebrity/1283522/', 'name': '赵非 Fei Zhao'}]",PT1H44M,"['剧情', '爱情']",https://img9.doubanio.com/view/photo/s_ratio_poster/public/p2867299847.jpg,十年一品温如言,/subject/26710112/
23,http://schema.org,Movie,"[{'@type': 'Person', 'url': '/celebrity/1315729/', 'name': '古力娜扎 Coulee Nazha'}, {'@type': 'Person', 'url': '/celebrity/1326546/', 'name': '刘以豪 Jasper Liu'}, {'@type': 'Person', 'url': '/celebrity/1275455/', 'name': '张歆艺 Xinyi Zhang'}, {'@type': 'Person', 'url': '/celebrity/1331588/', 'name': '马志威 Edward Ma'}, {'@type': 'Person', 'url': '/celebrity/1446814/', 'name': '张扬 Yang Zhang'}, {'@type': 'Person', 'url': '/celebrity/1417084/', 'name': '罗辑 Ji Luo'}, {'@type': 'Person', 'url': '/celebrity/1276088/', 'name': '张垒 Lei Zhang'}]","{'@type': 'AggregateRating', 'ratingCount': '6068', 'bestRating': '10', 'worstRating': '2', 'ratingValue': '3.0'}","[{'@type': 'Person', 'url': '/celebrity/1274280/', 'name': '黄真真 Chun-Chun Wong'}]",2022-02-14,"2022年情人节，用一部电影告白——不要忘记我爱你。
星玥（娜扎 饰）爱上了一个特别的人，她的男友陆尧（刘以豪 饰）每天醒来都会忘记昨天发生的一切。昨日的亲密爱人转眼变成陌生人，一次次的重来，是不堪承...","[{'@type': 'Person', 'url': '/celebrity/1274280/', 'name': '黄真真 Chun-Chun Wong'}]",PT2H6M,"['剧情', '爱情']",https://img9.doubanio.com/view/photo/s_ratio_poster/public/p2868255579.jpg,不要忘记我爱你,/subject/35172695/
24,http://schema.org,Movie,"[{'@type': 'Person', 'url': '/celebrity/1369478/', 'name': '伊恩·阿米蒂奇 Iain Armitage'}, {'@type': 'Person', 'url': '/celebrity/1343623/', 'name': '马尔赛·马丁 Marsai Martin'}, {'@type': 'Person', 'url': '/celebrity/1461034/', 'name': '罗恩·帕尔多 Ron Pardo'}, {'@type': 'Person', 'url': '/celebrity/1330789/', 'name': '雅拉·沙希迪 Yara Shahidi'}, {'@type': 'Person', 'url': '/celebrity/1233965/', 'name': '金·卡戴珊 Kim Kardashian'}, {'@type': 'Person', 'url': '/celebrity/1345622/', 'name': '兰道尔·朴 Randall Park'}, {'@type': 'Person', 'url': '/celebrity/1013777/', 'name': '戴克斯·夏普德 Dax Shepard'}, {'@type': 'Person', 'url': '/celebrity/1049571/', 'name': '泰勒·派瑞 Tyler Perry'}, {'@type': 'Person', 'url': '/celebrity/1040719/', 'name': '吉米·坎摩尔 Jimmy Kimmel'}, {'@type': 'Person', 'url': '/celebrity/1456619/', 'name': '威尔·布鲁斯宾 Will Brisbin'}, {'@type': 'Person', 'url': '/celebrity/1458107/', 'name': '金斯利·马歇尔 Kingsley Marshall'}, {'@type': 'Person', 'url': '/celebrity/1461035/', 'name': '莫妮克·阿尔瓦雷斯 Monique Alvarez'}, {'@type': 'Person', 'url': '/celebrity/1458099/', 'name': '基根·赫德利 Keegan Hedley'}, {'@type': 'Person', 'url': '/celebrity/1461036/', 'name': '杰米拉·罗斯 Jamillah Ross'}, {'@type': 'Person', 'url': '/celebrity/1458113/', 'name': '卡勒姆·肖尼克 Callum Shoniker'}, {'@type': 'Person', 'url': '/celebrity/1458106/', 'name': '谢尔·西蒙斯 Shayle Simons'}, {'@type': 'Person', 'url': '/celebrity/1458110/', 'name': '莉莉·巴特拉姆 Lilly Bartlam'}, {'@type': 'Person', 'url': '/celebrity/1347745/', 'name': '金·罗伯特 Kim Roberts'}, {'@type': 'Person', 'url': '/celebrity/1383398/', 'name': '保罗·布朗斯坦 Paul Braunstein'}, {'@type': 'Person', 'url': '/celebrity/1337511/', 'name': '乔·平格 Joe Pingue'}, {'@type': 'Person', 'url': '/celebrity/1240353/', 'name': '乔希·罗伯特·汤普森 Josh Robert Thompson'}, {'@type': 'Person', 'url': '/celebrity/1461037/', 'name': '乔希·格雷厄姆 Josh Graham'}, {'@type': 'Person', 'url': '/celebrity/1076749/', 'name': '尼尔·克容 Neil Crone'}, {'@type': 'Person', 'url': '/celebrity/1450559/', 'name': '查理·加兰特 Charlie Gallant'}, {'@type': 'Person', 'url': '/celebrity/1374793/', 'name': '理查德·宾斯利 Richard Binsley'}, {'@type': 'Person', 'url': '/celebrity/1019251/', 'name': '雷欧·巴奈扎 Raoul Bhaneja'}, {'@type': 'Person', 'url': '/celebrity/1385325/', 'name': '莎拉·乔德利 Saara Chaudry'}, {'@type': 'Person', 'url': '/celebrity/1083859/', 'name': 'Kevin Duhaney Kevin Duhaney'}]","{'@type': 'AggregateRating', 'ratingCount': '3493', 'bestRating': '10', 'worstRating': '2', 'ratingValue': '7.2'}","[{'@type': 'Person', 'url': '/celebrity/1303759/', 'name': '比利·弗罗利克 Billy Frolick'}, {'@type': 'Person', 'url': '/celebrity/1337216/', 'name': '卡尔·布伦克尔 Cal Brunker'}, {'@type': 'Person', 'url': '/celebrity/1379167/', 'name': '鲍勃·巴伦 Bob Barlen'}]",2021-08-20,汪汪队出发救援！邪恶的海丁那成为了冒险湾的市长，并且准备对这座城市进行大肆破坏。小男孩莱德和他英勇的汪汪队小狗们必须打起十二分精神，准备迎接全新的挑战。与此同时，小狗阿奇不得不面对他在冒险湾复杂的过去...,"[{'@type': 'Person', 'url': '/celebrity/1337216/', 'name': '卡尔·布伦克尔 Cal Brunker'}]",PT1H26M,"['喜剧', '动画', '冒险']",https://img9.doubanio.com/view/photo/s_ratio_poster/public/p2808318200.jpg,汪汪队立大功大电影 Paw Patrol: The Movie,/subject/35045591/
